./data/images/1744854930.152925184.png,./data/labels/1744854930.152925184.png
./data/images/1744854930.252925184.png,./data/labels/1744854930.252925184.png
./data/images/1744854930.352925184.png,./data/labels/1744854930.352925184.png
./data/images/1744854930.452924928.png,./data/labels/1744854930.452924928.png
./data/images/1744854930.552924928.png,./data/labels/1744854930.552924928.png
./data/images/1744854930.652924672.png,./data/labels/1744854930.652924672.png
./data/images/1744854930.752924672.png,./data/labels/1744854930.752924672.png
./data/images/1744854930.852924672.png,./data/labels/1744854930.852924672.png
./data/images/1744854930.952924416.png,./data/labels/1744854930.952924416.png
./data/images/1744854931.32924416.png,./data/labels/1744854931.32924416.png
./data/images/1744854931.122924288.png,./data/labels/1744854931.122924288.png
./data/images/1744854931.222924288.png,./data/labels/1744854931.222924288.png
./data/images/1744854931.322924032.png,./data/labels/1744854931.322924032.png
./data/images/1744854931.422924032.png,./data/labels/1744854931.422924032.png
./data/images/1744854931.522924032.png,./data/labels/1744854931.522924032.png
./data/images/1744854932.322923264.png,./data/labels/1744854932.322923264.png
./data/images/1744854933.122922496.png,./data/labels/1744854933.122922496.png
./data/images/1744854933.922921728.png,./data/labels/1744854933.922921728.png
./data/images/1744854934.822920704.png,./data/labels/1744854934.822920704.png
./data/images/1744854935.622919936.png,./data/labels/1744854935.622919936.png
./data/images/1744854936.422919168.png,./data/labels/1744854936.422919168.png
./data/images/1744854937.222918400.png,./data/labels/1744854937.222918400.png
./data/images/1744854938.2917888.png,./data/labels/1744854938.2917888.png
./data/images/1744854938.802917120.png,./data/labels/1744854938.802917120.png
./data/images/1744854939.602916352.png,./data/labels/1744854939.602916352.png
./data/images/1744854940.392915456.png,./data/labels/1744854940.392915456.png
./data/images/1744854941.192914688.png,./data/labels/1744854941.192914688.png
./data/images/1744854941.892914176.png,./data/labels/1744854941.892914176.png
./data/images/1744854942.792913152.png,./data/labels/1744854942.792913152.png
./data/images/1744854943.492912640.png,./data/labels/1744854943.492912640.png
./data/images/1744854944.392911616.png,./data/labels/1744854944.392911616.png
./data/images/1744854945.82910976.png,./data/labels/1744854945.82910976.png
./data/images/1744854945.982910208.png,./data/labels/1744854945.982910208.png
./data/images/1744854946.772909312.png,./data/labels/1744854946.772909312.png
./data/images/1744854947.472908800.png,./data/labels/1744854947.472908800.png
./data/images/1744854948.372907776.png,./data/labels/1744854948.372907776.png
./data/images/1744854949.162907136.png,./data/labels/1744854949.162907136.png
./data/images/1744854949.962906368.png,./data/labels/1744854949.962906368.png
./data/images/1744854950.762905600.png,./data/labels/1744854950.762905600.png
./data/images/1744854951.562904832.png,./data/labels/1744854951.562904832.png
./data/images/1744854952.362904064.png,./data/labels/1744854952.362904064.png
./data/images/1744854953.262903296.png,./data/labels/1744854953.262903296.png
./data/images/1744854954.62902528.png,./data/labels/1744854954.62902528.png
./data/images/1744854954.952901632.png,./data/labels/1744854954.952901632.png
./data/images/1744854955.752900864.png,./data/labels/1744854955.752900864.png
./data/images/1744854956.552900096.png,./data/labels/1744854956.552900096.png
./data/images/1744854957.342899200.png,./data/labels/1744854957.342899200.png
./data/images/1744854958.142898432.png,./data/labels/1744854958.142898432.png
./data/images/1744854958.932897792.png,./data/labels/1744854958.932897792.png
./data/images/1744854959.832897024.png,./data/labels/1744854959.832897024.png
./data/images/1744854960.632896256.png,./data/labels/1744854960.632896256.png
./data/images/1744854961.432895488.png,./data/labels/1744854961.432895488.png
./data/images/1744854962.232894720.png,./data/labels/1744854962.232894720.png
./data/images/1744854963.122893824.png,./data/labels/1744854963.122893824.png
./data/images/1744854963.922893056.png,./data/labels/1744854963.922893056.png
./data/images/1744854964.722892288.png,./data/labels/1744854964.722892288.png
./data/images/1744854965.512891648.png,./data/labels/1744854965.512891648.png
./data/images/1744854966.412890624.png,./data/labels/1744854966.412890624.png
./data/images/1744854967.192889856.png,./data/labels/1744854967.192889856.png
./data/images/1744854967.992889088.png,./data/labels/1744854967.992889088.png
./data/images/1744854968.892888320.png,./data/labels/1744854968.892888320.png
./data/images/1744854969.762887424.png,./data/labels/1744854969.762887424.png
./data/images/1744854970.562886656.png,./data/labels/1744854970.562886656.png
./data/images/1744854971.362885888.png,./data/labels/1744854971.362885888.png
./data/images/1744854972.342885120.png,./data/labels/1744854972.342885120.png
./data/images/1744854973.112884224.png,./data/labels/1744854973.112884224.png
./data/images/1744854974.12883456.png,./data/labels/1744854974.12883456.png
./data/images/1744854974.802882560.png,./data/labels/1744854974.802882560.png
./data/images/1744854975.692881920.png,./data/labels/1744854975.692881920.png
./data/images/1744854976.482881024.png,./data/labels/1744854976.482881024.png
./data/images/1744854977.282880256.png,./data/labels/1744854977.282880256.png
./data/images/1744854978.72879616.png,./data/labels/1744854978.72879616.png
./data/images/1744854979.52878592.png,./data/labels/1744854979.52878592.png
./data/images/1744854979.842877952.png,./data/labels/1744854979.842877952.png
./data/images/1744854980.732877056.png,./data/labels/1744854980.732877056.png
./data/images/1744854981.502876160.png,./data/labels/1744854981.502876160.png
./data/images/1744854982.382875392.png,./data/labels/1744854982.382875392.png
./data/images/1744854983.262874624.png,./data/labels/1744854983.262874624.png
./data/images/1744854984.132873728.png,./data/labels/1744854984.132873728.png
./data/images/1744854984.972872960.png,./data/labels/1744854984.972872960.png
./data/images/1744854985.762872320.png,./data/labels/1744854985.762872320.png
./data/images/1744854986.742871296.png,./data/labels/1744854986.742871296.png
./data/images/1744854987.632870400.png,./data/labels/1744854987.632870400.png
./data/images/1744854988.432869632.png,./data/labels/1744854988.432869632.png
./data/images/1744854989.222868992.png,./data/labels/1744854989.222868992.png
./data/images/1744854990.102867968.png,./data/labels/1744854990.102867968.png
./data/images/1744854990.982867200.png,./data/labels/1744854990.982867200.png
./data/images/1744854991.762866432.png,./data/labels/1744854991.762866432.png
./data/images/1744854992.652865536.png,./data/labels/1744854992.652865536.png
./data/images/1744854993.512864768.png,./data/labels/1744854993.512864768.png
./data/images/1744854994.292864000.png,./data/labels/1744854994.292864000.png
./data/images/1744854995.82863360.png,./data/labels/1744854995.82863360.png
./data/images/1744854995.952862464.png,./data/labels/1744854995.952862464.png
./data/images/1744854996.822861568.png,./data/labels/1744854996.822861568.png
./data/images/1744854997.692860928.png,./data/labels/1744854997.692860928.png
./data/images/1744854998.482860032.png,./data/labels/1744854998.482860032.png
./data/images/1744854999.472859136.png,./data/labels/1744854999.472859136.png
./data/images/1744855000.332858368.png,./data/labels/1744855000.332858368.png
./data/images/1744855001.192857600.png,./data/labels/1744855001.192857600.png
./data/images/1744855002.162856704.png,./data/labels/1744855002.162856704.png
./data/images/1744855002.752856064.png,./data/labels/1744855002.752856064.png
./data/images/1744855003.722855168.png,./data/labels/1744855003.722855168.png
./data/images/1744855004.502854400.png,./data/labels/1744855004.502854400.png
./data/images/1744855005.392853504.png,./data/labels/1744855005.392853504.png
./data/images/1744855006.182852864.png,./data/labels/1744855006.182852864.png
./data/images/1744855007.72851968.png,./data/labels/1744855007.72851968.png
./data/images/1744855007.952850944.png,./data/labels/1744855007.952850944.png
./data/images/1744855008.812850176.png,./data/labels/1744855008.812850176.png
./data/images/1744855009.602849536.png,./data/labels/1744855009.602849536.png
./data/images/1744855010.472848640.png,./data/labels/1744855010.472848640.png
./data/images/1744855011.352847872.png,./data/labels/1744855011.352847872.png
./data/images/1744855012.212847104.png,./data/labels/1744855012.212847104.png
./data/images/1744855013.92846080.png,./data/labels/1744855013.92846080.png
./data/images/1744855013.862845440.png,./data/labels/1744855013.862845440.png
./data/images/1744855014.762844672.png,./data/labels/1744855014.762844672.png
./data/images/1744855015.622843648.png,./data/labels/1744855015.622843648.png
./data/images/1744855016.212843264.png,./data/labels/1744855016.212843264.png
./data/images/1744855017.2842368.png,./data/labels/1744855017.2842368.png
./data/images/1744855017.782841600.png,./data/labels/1744855017.782841600.png
./data/images/1744855018.672840960.png,./data/labels/1744855018.672840960.png
./data/images/1744855019.442840064.png,./data/labels/1744855019.442840064.png
./data/images/1744855020.322839296.png,./data/labels/1744855020.322839296.png
./data/images/1744855021.112838400.png,./data/labels/1744855021.112838400.png
./data/images/1744855022.2837760.png,./data/labels/1744855022.2837760.png
./data/images/1744855022.792836864.png,./data/labels/1744855022.792836864.png
./data/images/1744855023.572836096.png,./data/labels/1744855023.572836096.png
./data/images/1744855024.252835584.png,./data/labels/1744855024.252835584.png
./data/images/1744855025.152834560.png,./data/labels/1744855025.152834560.png
./data/images/1744855026.42833920.png,./data/labels/1744855026.42833920.png
./data/images/1744855026.782833152.png,./data/labels/1744855026.782833152.png
./data/images/1744855027.632832256.png,./data/labels/1744855027.632832256.png
./data/images/1744855028.532831488.png,./data/labels/1744855028.532831488.png
./data/images/1744855029.412830464.png,./data/labels/1744855029.412830464.png
./data/images/1744855030.202829824.png,./data/labels/1744855030.202829824.png
./data/images/1744855031.102829056.png,./data/labels/1744855031.102829056.png
./data/images/1744855032.2828032.png,./data/labels/1744855032.2828032.png
./data/images/1744855032.742827520.png,./data/labels/1744855032.742827520.png
./data/images/1744855033.532826624.png,./data/labels/1744855033.532826624.png
./data/images/1744855034.402825728.png,./data/labels/1744855034.402825728.png
./data/images/1744855035.292825088.png,./data/labels/1744855035.292825088.png
./data/images/1744855036.182824192.png,./data/labels/1744855036.182824192.png
./data/images/1744855036.962823424.png,./data/labels/1744855036.962823424.png
./data/images/1744855037.852822528.png,./data/labels/1744855037.852822528.png
./data/images/1744855038.632821760.png,./data/labels/1744855038.632821760.png
./data/images/1744855039.532820992.png,./data/labels/1744855039.532820992.png
./data/images/1744855040.422820096.png,./data/labels/1744855040.422820096.png
./data/images/1744855041.302819328.png,./data/labels/1744855041.302819328.png
./data/images/1744855042.92818432.png,./data/labels/1744855042.92818432.png
./data/images/1744855042.962817792.png,./data/labels/1744855042.962817792.png
./data/images/1744855043.712816896.png,./data/labels/1744855043.712816896.png
./data/images/1744855044.502816256.png,./data/labels/1744855044.502816256.png
./data/images/1744855045.392815360.png,./data/labels/1744855045.392815360.png
./data/images/1744855046.262814464.png,./data/labels/1744855046.262814464.png
./data/images/1744855047.142813696.png,./data/labels/1744855047.142813696.png
./data/images/1744855047.922812928.png,./data/labels/1744855047.922812928.png
./data/images/1744855048.812812032.png,./data/labels/1744855048.812812032.png
./data/images/1744855049.692811264.png,./data/labels/1744855049.692811264.png
./data/images/1744855050.582810368.png,./data/labels/1744855050.582810368.png
./data/images/1744855051.472809472.png,./data/labels/1744855051.472809472.png
./data/images/1744855052.242808832.png,./data/labels/1744855052.242808832.png
./data/images/1744855053.22808064.png,./data/labels/1744855053.22808064.png
./data/images/1744855053.892807168.png,./data/labels/1744855053.892807168.png
./data/images/1744855054.692806400.png,./data/labels/1744855054.692806400.png
./data/images/1744855055.472805632.png,./data/labels/1744855055.472805632.png
./data/images/1744855056.352804864.png,./data/labels/1744855056.352804864.png
./data/images/1744855057.132804096.png,./data/labels/1744855057.132804096.png
./data/images/1744855057.922803456.png,./data/labels/1744855057.922803456.png
./data/images/1744855058.812802560.png,./data/labels/1744855058.812802560.png
./data/images/1744855059.582801920.png,./data/labels/1744855059.582801920.png
./data/images/1744855060.342801152.png,./data/labels/1744855060.342801152.png
./data/images/1744855061.232800256.png,./data/labels/1744855061.232800256.png
./data/images/1744855062.12799488.png,./data/labels/1744855062.12799488.png
./data/images/1744855062.912798720.png,./data/labels/1744855062.912798720.png
./data/images/1744855063.812797696.png,./data/labels/1744855063.812797696.png
./data/images/1744855064.602797056.png,./data/labels/1744855064.602797056.png
./data/images/1744855065.402796288.png,./data/labels/1744855065.402796288.png
./data/images/1744855066.292795392.png,./data/labels/1744855066.292795392.png
./data/images/1744855067.92794624.png,./data/labels/1744855067.92794624.png
./data/images/1744855067.972793856.png,./data/labels/1744855067.972793856.png
./data/images/1744855068.752793088.png,./data/labels/1744855068.752793088.png
./data/images/1744855069.642792192.png,./data/labels/1744855069.642792192.png
./data/images/1744855070.432791552.png,./data/labels/1744855070.432791552.png
./data/images/1744855071.222790656.png,./data/labels/1744855071.222790656.png
./data/images/1744855072.12790016.png,./data/labels/1744855072.12790016.png
./data/images/1744855072.892789248.png,./data/labels/1744855072.892789248.png
./data/images/1744855073.682788352.png,./data/labels/1744855073.682788352.png
./data/images/1744855074.472787712.png,./data/labels/1744855074.472787712.png
./data/images/1744855075.262786816.png,./data/labels/1744855075.262786816.png
./data/images/1744855076.52786176.png,./data/labels/1744855076.52786176.png
./data/images/1744855076.842785280.png,./data/labels/1744855076.842785280.png
./data/images/1744855077.742784512.png,./data/labels/1744855077.742784512.png
./data/images/1744855078.532783872.png,./data/labels/1744855078.532783872.png
./data/images/1744855079.432782848.png,./data/labels/1744855079.432782848.png
./data/images/1744855080.232782080.png,./data/labels/1744855080.232782080.png
./data/images/1744855081.22781440.png,./data/labels/1744855081.22781440.png
./data/images/1744855081.922780416.png,./data/labels/1744855081.922780416.png
./data/images/1744855082.722779648.png,./data/labels/1744855082.722779648.png
./data/images/1744855083.612779008.png,./data/labels/1744855083.612779008.png
./data/images/1744855084.392778240.png,./data/labels/1744855084.392778240.png
./data/images/1744855085.282777344.png,./data/labels/1744855085.282777344.png
./data/images/1744855086.82776576.png,./data/labels/1744855086.82776576.png
./data/images/1744855086.982775808.png,./data/labels/1744855086.982775808.png
./data/images/1744855087.762775040.png,./data/labels/1744855087.762775040.png
./data/images/1744855088.552774144.png,./data/labels/1744855088.552774144.png
./data/images/1744855089.442773248.png,./data/labels/1744855089.442773248.png
./data/images/1744855090.332772608.png,./data/labels/1744855090.332772608.png
./data/images/1744855091.212771584.png,./data/labels/1744855091.212771584.png
./data/images/1744855092.2770944.png,./data/labels/1744855092.2770944.png
./data/images/1744855092.802770176.png,./data/labels/1744855092.802770176.png
./data/images/1744855093.692769280.png,./data/labels/1744855093.692769280.png
./data/images/1744855094.572768512.png,./data/labels/1744855094.572768512.png
./data/images/1744855095.462767616.png,./data/labels/1744855095.462767616.png
./data/images/1744855096.352766720.png,./data/labels/1744855096.352766720.png
./data/images/1744855097.232765952.png,./data/labels/1744855097.232765952.png
./data/images/1744855098.12765184.png,./data/labels/1744855098.12765184.png
./data/images/1744855098.802764288.png,./data/labels/1744855098.802764288.png
./data/images/1744855099.682763520.png,./data/labels/1744855099.682763520.png
./data/images/1744855100.482762752.png,./data/labels/1744855100.482762752.png
./data/images/1744855101.262761984.png,./data/labels/1744855101.262761984.png
./data/images/1744855102.62761216.png,./data/labels/1744855102.62761216.png
./data/images/1744855102.952760576.png,./data/labels/1744855102.952760576.png
./data/images/1744855103.752759808.png,./data/labels/1744855103.752759808.png
./data/images/1744855104.522758912.png,./data/labels/1744855104.522758912.png
./data/images/1744855105.322758144.png,./data/labels/1744855105.322758144.png
./data/images/1744855106.202757376.png,./data/labels/1744855106.202757376.png
./data/images/1744855106.962756608.png,./data/labels/1744855106.962756608.png
./data/images/1744855107.762755840.png,./data/labels/1744855107.762755840.png
./data/images/1744855108.542755072.png,./data/labels/1744855108.542755072.png
./data/images/1744855109.442754304.png,./data/labels/1744855109.442754304.png
./data/images/1744855110.142753536.png,./data/labels/1744855110.142753536.png
./data/images/1744855111.32752640.png,./data/labels/1744855111.32752640.png
./data/images/1744855111.822752000.png,./data/labels/1744855111.822752000.png
./data/images/1744855112.712751104.png,./data/labels/1744855112.712751104.png
./data/images/1744855113.492750336.png,./data/labels/1744855113.492750336.png
./data/images/1744855114.292749568.png,./data/labels/1744855114.292749568.png
./data/images/1744855115.182748672.png,./data/labels/1744855115.182748672.png
./data/images/1744855115.982747904.png,./data/labels/1744855115.982747904.png
./data/images/1744855116.772747264.png,./data/labels/1744855116.772747264.png
./data/images/1744855117.572746496.png,./data/labels/1744855117.572746496.png
./data/images/1744855118.472745728.png,./data/labels/1744855118.472745728.png
./data/images/1744855119.162745088.png,./data/labels/1744855119.162745088.png
./data/images/1744855119.952744192.png,./data/labels/1744855119.952744192.png
./data/images/1744855120.852743424.png,./data/labels/1744855120.852743424.png
./data/images/1744855121.552742656.png,./data/labels/1744855121.552742656.png
./data/images/1744855122.322742016.png,./data/labels/1744855122.322742016.png
./data/images/1744855123.122741248.png,./data/labels/1744855123.122741248.png
./data/images/1744855123.922740480.png,./data/labels/1744855123.922740480.png
./data/images/1744855124.802739712.png,./data/labels/1744855124.802739712.png
./data/images/1744855125.602738944.png,./data/labels/1744855125.602738944.png
./data/images/1744855126.402738176.png,./data/labels/1744855126.402738176.png
./data/images/1744855127.102737408.png,./data/labels/1744855127.102737408.png
./data/images/1744855127.892736768.png,./data/labels/1744855127.892736768.png
./data/images/1744855128.682735872.png,./data/labels/1744855128.682735872.png
./data/images/1744855129.282735360.png,./data/labels/1744855129.282735360.png
./data/images/1744855130.182734592.png,./data/labels/1744855130.182734592.png
./data/images/1744855130.982733824.png,./data/labels/1744855130.982733824.png
./data/images/1744855131.772732928.png,./data/labels/1744855131.772732928.png
./data/images/1744855132.552732160.png,./data/labels/1744855132.552732160.png
./data/images/1744855133.252731648.png,./data/labels/1744855133.252731648.png
./data/images/1744855134.52730880.png,./data/labels/1744855134.52730880.png
./data/images/1744855134.842729984.png,./data/labels/1744855134.842729984.png
./data/images/1744855135.642729216.png,./data/labels/1744855135.642729216.png
./data/images/1744855136.442728448.png,./data/labels/1744855136.442728448.png
./data/images/1744855137.142727936.png,./data/labels/1744855137.142727936.png
./data/images/1744855137.912727040.png,./data/labels/1744855137.912727040.png
./data/images/1744855138.682726400.png,./data/labels/1744855138.682726400.png
./data/images/1744855139.482725632.png,./data/labels/1744855139.482725632.png
./data/images/1744855140.172724992.png,./data/labels/1744855140.172724992.png
./data/images/1744855140.972724224.png,./data/labels/1744855140.972724224.png
./data/images/1744855141.772723456.png,./data/labels/1744855141.772723456.png
./data/images/1744855142.372722944.png,./data/labels/1744855142.372722944.png
./data/images/1744855143.162722048.png,./data/labels/1744855143.162722048.png
./data/images/1744855143.962721280.png,./data/labels/1744855143.962721280.png
./data/images/1744855144.762720512.png,./data/labels/1744855144.762720512.png
./data/images/1744855145.562719744.png,./data/labels/1744855145.562719744.png
./data/images/1744855146.362718976.png,./data/labels/1744855146.362718976.png
./data/images/1744855147.62718464.png,./data/labels/1744855147.62718464.png
./data/images/1744855147.862717696.png,./data/labels/1744855147.862717696.png
./data/images/1744855148.662716928.png,./data/labels/1744855148.662716928.png
./data/images/1744855149.462716160.png,./data/labels/1744855149.462716160.png
./data/images/1744855150.262715392.png,./data/labels/1744855150.262715392.png
./data/images/1744855151.62714624.png,./data/labels/1744855151.62714624.png
./data/images/1744855151.862713856.png,./data/labels/1744855151.862713856.png
./data/images/1744855152.562713088.png,./data/labels/1744855152.562713088.png
./data/images/1744855153.362712320.png,./data/labels/1744855153.362712320.png
./data/images/1744855154.152711680.png,./data/labels/1744855154.152711680.png
./data/images/1744855154.952710912.png,./data/labels/1744855154.952710912.png
./data/images/1744855155.652710144.png,./data/labels/1744855155.652710144.png
./data/images/1744855156.442709504.png,./data/labels/1744855156.442709504.png
./data/images/1744855157.242708736.png,./data/labels/1744855157.242708736.png
./data/images/1744855158.32707840.png,./data/labels/1744855158.32707840.png
./data/images/1744855158.822707200.png,./data/labels/1744855158.822707200.png
./data/images/1744855159.622706432.png,./data/labels/1744855159.622706432.png
./data/images/1744855160.412705536.png,./data/labels/1744855160.412705536.png
./data/images/1744855161.212705024.png,./data/labels/1744855161.212705024.png
./data/images/1744855162.12704256.png,./data/labels/1744855162.12704256.png
./data/images/1744855162.712703488.png,./data/labels/1744855162.712703488.png
./data/images/1744855163.512702720.png,./data/labels/1744855163.512702720.png
./data/images/1744855164.312701952.png,./data/labels/1744855164.312701952.png
./data/images/1744855165.112701184.png,./data/labels/1744855165.112701184.png
./data/images/1744855165.812700416.png,./data/labels/1744855165.812700416.png
./data/images/1744855166.712699648.png,./data/labels/1744855166.712699648.png
./data/images/1744855167.412698880.png,./data/labels/1744855167.412698880.png
./data/images/1744855168.312698112.png,./data/labels/1744855168.312698112.png
./data/images/1744855169.12697344.png,./data/labels/1744855169.12697344.png
./data/images/1744855169.812696576.png,./data/labels/1744855169.812696576.png
./data/images/1744855170.612695808.png,./data/labels/1744855170.612695808.png
./data/images/1744855171.412695296.png,./data/labels/1744855171.412695296.png
./data/images/1744855172.112694528.png,./data/labels/1744855172.112694528.png
./data/images/1744855172.912693760.png,./data/labels/1744855172.912693760.png
./data/images/1744855173.612692992.png,./data/labels/1744855173.612692992.png
./data/images/1744855174.512692224.png,./data/labels/1744855174.512692224.png
./data/images/1744855175.302691584.png,./data/labels/1744855175.302691584.png
./data/images/1744855175.992690688.png,./data/labels/1744855175.992690688.png
./data/images/1744855176.792689920.png,./data/labels/1744855176.792689920.png
./data/images/1744855177.492689408.png,./data/labels/1744855177.492689408.png
./data/images/1744855178.282688512.png,./data/labels/1744855178.282688512.png
./data/images/1744855179.82687744.png,./data/labels/1744855179.82687744.png
./data/images/1744855179.882686976.png,./data/labels/1744855179.882686976.png
./data/images/1744855180.582686464.png,./data/labels/1744855180.582686464.png
./data/images/1744855181.382685696.png,./data/labels/1744855181.382685696.png
./data/images/1744855182.182684928.png,./data/labels/1744855182.182684928.png
./data/images/1744855182.982684160.png,./data/labels/1744855182.982684160.png
./data/images/1744855183.682683392.png,./data/labels/1744855183.682683392.png
./data/images/1744855184.482682624.png,./data/labels/1744855184.482682624.png
./data/images/1744855185.282681856.png,./data/labels/1744855185.282681856.png
./data/images/1744855185.972681216.png,./data/labels/1744855185.972681216.png
./data/images/1744855186.772680448.png,./data/labels/1744855186.772680448.png
./data/images/1744855187.572679680.png,./data/labels/1744855187.572679680.png
./data/images/1744855188.372678912.png,./data/labels/1744855188.372678912.png
./data/images/1744855189.72678400.png,./data/labels/1744855189.72678400.png
./data/images/1744855189.872677632.png,./data/labels/1744855189.872677632.png
./data/images/1744855190.672676864.png,./data/labels/1744855190.672676864.png
./data/images/1744855191.472676096.png,./data/labels/1744855191.472676096.png
./data/images/1744855192.172675328.png,./data/labels/1744855192.172675328.png
./data/images/1744855192.972674560.png,./data/labels/1744855192.972674560.png
./data/images/1744855193.672674048.png,./data/labels/1744855193.672674048.png
./data/images/1744855194.572673024.png,./data/labels/1744855194.572673024.png
./data/images/1744855195.272672512.png,./data/labels/1744855195.272672512.png
./data/images/1744855196.72671744.png,./data/labels/1744855196.72671744.png
./data/images/1744855196.872670976.png,./data/labels/1744855196.872670976.png
./data/images/1744855197.562670336.png,./data/labels/1744855197.562670336.png
./data/images/1744855198.362669568.png,./data/labels/1744855198.362669568.png
./data/images/1744855199.262668544.png,./data/labels/1744855199.262668544.png
./data/images/1744855199.962668032.png,./data/labels/1744855199.962668032.png
./data/images/1744855200.762667264.png,./data/labels/1744855200.762667264.png
./data/images/1744855201.562666496.png,./data/labels/1744855201.562666496.png
./data/images/1744855202.362665728.png,./data/labels/1744855202.362665728.png
./data/images/1744855203.62664960.png,./data/labels/1744855203.62664960.png
./data/images/1744855203.962664192.png,./data/labels/1744855203.962664192.png
./data/images/1744855204.662663424.png,./data/labels/1744855204.662663424.png
./data/images/1744855205.462662656.png,./data/labels/1744855205.462662656.png
./data/images/1744855206.262661888.png,./data/labels/1744855206.262661888.png
./data/images/1744855206.962661376.png,./data/labels/1744855206.962661376.png
./data/images/1744855207.762660608.png,./data/labels/1744855207.762660608.png
./data/images/1744855208.562659840.png,./data/labels/1744855208.562659840.png
./data/images/1744855209.362659072.png,./data/labels/1744855209.362659072.png
./data/images/1744855210.162658304.png,./data/labels/1744855210.162658304.png
./data/images/1744855210.962657536.png,./data/labels/1744855210.962657536.png
./data/images/1744855211.762656768.png,./data/labels/1744855211.762656768.png
./data/images/1744855212.552655872.png,./data/labels/1744855212.552655872.png
./data/images/1744855213.352655104.png,./data/labels/1744855213.352655104.png
./data/images/1744855214.52654592.png,./data/labels/1744855214.52654592.png
./data/images/1744855214.852653824.png,./data/labels/1744855214.852653824.png
./data/images/1744855215.552653056.png,./data/labels/1744855215.552653056.png
./data/images/1744855216.452652288.png,./data/labels/1744855216.452652288.png
./data/images/1744855217.152651520.png,./data/labels/1744855217.152651520.png
./data/images/1744855217.852651008.png,./data/labels/1744855217.852651008.png
./data/images/1744855218.552650240.png,./data/labels/1744855218.552650240.png
./data/images/1744855219.342649344.png,./data/labels/1744855219.342649344.png
./data/images/1744855220.132648704.png,./data/labels/1744855220.132648704.png
./data/images/1744855220.932647936.png,./data/labels/1744855220.932647936.png
./data/images/1744855221.732647168.png,./data/labels/1744855221.732647168.png
./data/images/1744855222.432646400.png,./data/labels/1744855222.432646400.png
./data/images/1744855223.232645632.png,./data/labels/1744855223.232645632.png
./data/images/1744855224.132644864.png,./data/labels/1744855224.132644864.png
./data/images/1744855224.832644352.png,./data/labels/1744855224.832644352.png
./data/images/1744855225.632643584.png,./data/labels/1744855225.632643584.png
./data/images/1744855226.432642816.png,./data/labels/1744855226.432642816.png
./data/images/1744855227.232642048.png,./data/labels/1744855227.232642048.png
./data/images/1744855227.932641280.png,./data/labels/1744855227.932641280.png
./data/images/1744855228.702640640.png,./data/labels/1744855228.702640640.png
./data/images/1744855229.602639616.png,./data/labels/1744855229.602639616.png
./data/images/1744855230.292638976.png,./data/labels/1744855230.292638976.png
./data/images/1744855231.92638208.png,./data/labels/1744855231.92638208.png
./data/images/1744855231.892637440.png,./data/labels/1744855231.892637440.png
./data/images/1744855232.692636672.png,./data/labels/1744855232.692636672.png
./data/images/1744855233.592635904.png,./data/labels/1744855233.592635904.png
./data/images/1744855234.392635136.png,./data/labels/1744855234.392635136.png
./data/images/1744855235.192634368.png,./data/labels/1744855235.192634368.png
./data/images/1744855236.82633472.png,./data/labels/1744855236.82633472.png
./data/images/1744855236.882632704.png,./data/labels/1744855236.882632704.png
./data/images/1744855237.682631936.png,./data/labels/1744855237.682631936.png
./data/images/1744855238.482631168.png,./data/labels/1744855238.482631168.png
./data/images/1744855239.272630528.png,./data/labels/1744855239.272630528.png
./data/images/1744855240.72629760.png,./data/labels/1744855240.72629760.png
./data/images/1744855240.872628992.png,./data/labels/1744855240.872628992.png
./data/images/1744855241.662628096.png,./data/labels/1744855241.662628096.png
./data/images/1744855242.352627456.png,./data/labels/1744855242.352627456.png
./data/images/1744855243.252626688.png,./data/labels/1744855243.252626688.png
./data/images/1744855244.52625920.png,./data/labels/1744855244.52625920.png
./data/images/1744855244.842625024.png,./data/labels/1744855244.842625024.png
./data/images/1744855245.642624256.png,./data/labels/1744855245.642624256.png
./data/images/1744855246.442623488.png,./data/labels/1744855246.442623488.png
./data/images/1744855247.242622976.png,./data/labels/1744855247.242622976.png
./data/images/1744855248.32622080.png,./data/labels/1744855248.32622080.png
./data/images/1744855248.932621312.png,./data/labels/1744855248.932621312.png
./data/images/1744855249.632620544.png,./data/labels/1744855249.632620544.png
./data/images/1744855250.432619776.png,./data/labels/1744855250.432619776.png
./data/images/1744855251.232619008.png,./data/labels/1744855251.232619008.png
./data/images/1744855252.132618240.png,./data/labels/1744855252.132618240.png
./data/images/1744855252.822617600.png,./data/labels/1744855252.822617600.png
./data/images/1744855253.712616704.png,./data/labels/1744855253.712616704.png
./data/images/1744855254.512615936.png,./data/labels/1744855254.512615936.png
./data/images/1744855255.312615168.png,./data/labels/1744855255.312615168.png
./data/images/1744855256.212614400.png,./data/labels/1744855256.212614400.png
./data/images/1744855257.12613632.png,./data/labels/1744855257.12613632.png
./data/images/1744855257.812612864.png,./data/labels/1744855257.812612864.png
./data/images/1744855258.702611968.png,./data/labels/1744855258.702611968.png
./data/images/1744855259.392611328.png,./data/labels/1744855259.392611328.png
./data/images/1744855260.292610304.png,./data/labels/1744855260.292610304.png
./data/images/1744855261.92609536.png,./data/labels/1744855261.92609536.png
./data/images/1744855261.892608768.png,./data/labels/1744855261.892608768.png
./data/images/1744855262.692608000.png,./data/labels/1744855262.692608000.png
./data/images/1744855263.492607232.png,./data/labels/1744855263.492607232.png
./data/images/1744855264.392606464.png,./data/labels/1744855264.392606464.png
./data/images/1744855265.192605696.png,./data/labels/1744855265.192605696.png
./data/images/1744855265.982605056.png,./data/labels/1744855265.982605056.png
./data/images/1744855266.782604288.png,./data/labels/1744855266.782604288.png
./data/images/1744855267.572603392.png,./data/labels/1744855267.572603392.png
./data/images/1744855268.372602624.png,./data/labels/1744855268.372602624.png
./data/images/1744855269.172601856.png,./data/labels/1744855269.172601856.png
./data/images/1744855270.62601216.png,./data/labels/1744855270.62601216.png
./data/images/1744855270.762600448.png,./data/labels/1744855270.762600448.png
./data/images/1744855271.662599680.png,./data/labels/1744855271.662599680.png
./data/images/1744855272.452598784.png,./data/labels/1744855272.452598784.png
./data/images/1744855273.252598016.png,./data/labels/1744855273.252598016.png
./data/images/1744855274.42597376.png,./data/labels/1744855274.42597376.png
./data/images/1744855274.842596608.png,./data/labels/1744855274.842596608.png
./data/images/1744855275.732595712.png,./data/labels/1744855275.732595712.png
./data/images/1744855276.522594816.png,./data/labels/1744855276.522594816.png
./data/images/1744855277.322594048.png,./data/labels/1744855277.322594048.png
./data/images/1744855278.112593408.png,./data/labels/1744855278.112593408.png
./data/images/1744855278.912592640.png,./data/labels/1744855278.912592640.png
./data/images/1744855279.702592000.png,./data/labels/1744855279.702592000.png
./data/images/1744855280.492591104.png,./data/labels/1744855280.492591104.png
./data/images/1744855281.282590464.png,./data/labels/1744855281.282590464.png
./data/images/1744855282.182589440.png,./data/labels/1744855282.182589440.png
./data/images/1744855282.972588800.png,./data/labels/1744855282.972588800.png
./data/images/1744855283.762587904.png,./data/labels/1744855283.762587904.png
./data/images/1744855284.562587136.png,./data/labels/1744855284.562587136.png
./data/images/1744855285.352586496.png,./data/labels/1744855285.352586496.png
./data/images/1744855286.242585600.png,./data/labels/1744855286.242585600.png
./data/images/1744855286.932584960.png,./data/labels/1744855286.932584960.png
./data/images/1744855287.732584192.png,./data/labels/1744855287.732584192.png
./data/images/1744855288.522583552.png,./data/labels/1744855288.522583552.png
./data/images/1744855289.402582528.png,./data/labels/1744855289.402582528.png
./data/images/1744855290.192581888.png,./data/labels/1744855290.192581888.png
./data/images/1744855290.992581120.png,./data/labels/1744855290.992581120.png
./data/images/1744855291.782580480.png,./data/labels/1744855291.782580480.png
./data/images/1744855292.682579456.png,./data/labels/1744855292.682579456.png
./data/images/1744855293.472578816.png,./data/labels/1744855293.472578816.png
./data/images/1744855294.272578048.png,./data/labels/1744855294.272578048.png
./data/images/1744855295.72577280.png,./data/labels/1744855295.72577280.png
./data/images/1744855295.862576384.png,./data/labels/1744855295.862576384.png
./data/images/1744855296.652575744.png,./data/labels/1744855296.652575744.png
./data/images/1744855297.452574976.png,./data/labels/1744855297.452574976.png
./data/images/1744855298.242574336.png,./data/labels/1744855298.242574336.png
./data/images/1744855299.42573568.png,./data/labels/1744855299.42573568.png
./data/images/1744855299.832572672.png,./data/labels/1744855299.832572672.png
./data/images/1744855300.622572032.png,./data/labels/1744855300.622572032.png
./data/images/1744855301.522571008.png,./data/labels/1744855301.522571008.png
./data/images/1744855302.312570368.png,./data/labels/1744855302.312570368.png
./data/images/1744855303.112569600.png,./data/labels/1744855303.112569600.png
./data/images/1744855304.12568832.png,./data/labels/1744855304.12568832.png
./data/images/1744855304.912567808.png,./data/labels/1744855304.912567808.png
./data/images/1744855305.712567040.png,./data/labels/1744855305.712567040.png
./data/images/1744855306.592566272.png,./data/labels/1744855306.592566272.png
./data/images/1744855307.382565376.png,./data/labels/1744855307.382565376.png
./data/images/1744855308.182564608.png,./data/labels/1744855308.182564608.png
./data/images/1744855309.82563840.png,./data/labels/1744855309.82563840.png
./data/images/1744855309.782563328.png,./data/labels/1744855309.782563328.png
./data/images/1744855310.682562304.png,./data/labels/1744855310.682562304.png
./data/images/1744855311.462561536.png,./data/labels/1744855311.462561536.png
./data/images/1744855312.362560768.png,./data/labels/1744855312.362560768.png
./data/images/1744855312.962560256.png,./data/labels/1744855312.962560256.png
./data/images/1744855313.852559360.png,./data/labels/1744855313.852559360.png
./data/images/1744855314.652558592.png,./data/labels/1744855314.652558592.png
./data/images/1744855315.552557824.png,./data/labels/1744855315.552557824.png
./data/images/1744855316.342556928.png,./data/labels/1744855316.342556928.png
./data/images/1744855317.232556032.png,./data/labels/1744855317.232556032.png
./data/images/1744855318.32555264.png,./data/labels/1744855318.32555264.png
./data/images/1744855318.822554624.png,./data/labels/1744855318.822554624.png
./data/images/1744855319.692553728.png,./data/labels/1744855319.692553728.png
./data/images/1744855320.482553088.png,./data/labels/1744855320.482553088.png
./data/images/1744855321.382552064.png,./data/labels/1744855321.382552064.png
./data/images/1744855322.182551296.png,./data/labels/1744855322.182551296.png
./data/images/1744855322.962550528.png,./data/labels/1744855322.962550528.png
./data/images/1744855323.762549760.png,./data/labels/1744855323.762549760.png
./data/images/1744855324.622548992.png,./data/labels/1744855324.622548992.png
./data/images/1744855325.412548352.png,./data/labels/1744855325.412548352.png
./data/images/1744855326.212547584.png,./data/labels/1744855326.212547584.png
./data/images/1744855327.2546688.png,./data/labels/1744855327.2546688.png
./data/images/1744855327.802545920.png,./data/labels/1744855327.802545920.png
./data/images/1744855328.292545536.png,./data/labels/1744855328.292545536.png
./data/images/1744855329.82544896.png,./data/labels/1744855329.82544896.png
./data/images/1744855329.872544000.png,./data/labels/1744855329.872544000.png
./data/images/1744855330.672543232.png,./data/labels/1744855330.672543232.png
./data/images/1744855331.472542464.png,./data/labels/1744855331.472542464.png
./data/images/1744855332.272541696.png,./data/labels/1744855332.272541696.png
./data/images/1744855333.172540928.png,./data/labels/1744855333.172540928.png
./data/images/1744855333.962540032.png,./data/labels/1744855333.962540032.png
./data/images/1744855334.752539392.png,./data/labels/1744855334.752539392.png
./data/images/1744855335.652538624.png,./data/labels/1744855335.652538624.png
./data/images/1744855336.452537856.png,./data/labels/1744855336.452537856.png
./data/images/1744855337.252537088.png,./data/labels/1744855337.252537088.png
./data/images/1744855337.942536448.png,./data/labels/1744855337.942536448.png
./data/images/1744855338.822535424.png,./data/labels/1744855338.822535424.png
./data/images/1744855339.622534656.png,./data/labels/1744855339.622534656.png
./data/images/1744855340.412534016.png,./data/labels/1744855340.412534016.png
./data/images/1744855341.302533120.png,./data/labels/1744855341.302533120.png
./data/images/1744855342.102532352.png,./data/labels/1744855342.102532352.png
./data/images/1744855342.902531584.png,./data/labels/1744855342.902531584.png
./data/images/1744855343.702530816.png,./data/labels/1744855343.702530816.png
./data/images/1744855344.502530048.png,./data/labels/1744855344.502530048.png
./data/images/1744855345.292529408.png,./data/labels/1744855345.292529408.png
./data/images/1744855346.192528384.png,./data/labels/1744855346.192528384.png
./data/images/1744855346.982527744.png,./data/labels/1744855346.982527744.png
./data/images/1744855347.782526976.png,./data/labels/1744855347.782526976.png
./data/images/1744855348.572526336.png,./data/labels/1744855348.572526336.png
./data/images/1744855349.372525568.png,./data/labels/1744855349.372525568.png
./data/images/1744855350.272524544.png,./data/labels/1744855350.272524544.png
./data/images/1744855351.72523776.png,./data/labels/1744855351.72523776.png
./data/images/1744855351.872523008.png,./data/labels/1744855351.872523008.png
./data/images/1744855352.762522112.png,./data/labels/1744855352.762522112.png
./data/images/1744855353.562521344.png,./data/labels/1744855353.562521344.png
./data/images/1744855354.362520576.png,./data/labels/1744855354.362520576.png
./data/images/1744855355.162519808.png,./data/labels/1744855355.162519808.png
./data/images/1744855355.962519296.png,./data/labels/1744855355.962519296.png
./data/images/1744855356.732518400.png,./data/labels/1744855356.732518400.png
./data/images/1744855357.612517632.png,./data/labels/1744855357.612517632.png
./data/images/1744855358.412516864.png,./data/labels/1744855358.412516864.png
./data/images/1744855359.212516096.png,./data/labels/1744855359.212516096.png
./data/images/1744855360.12515328.png,./data/labels/1744855360.12515328.png
./data/images/1744855360.812514560.png,./data/labels/1744855360.812514560.png
./data/images/1744855361.712513792.png,./data/labels/1744855361.712513792.png
./data/images/1744855362.412513024.png,./data/labels/1744855362.412513024.png
./data/images/1744855363.302512128.png,./data/labels/1744855363.302512128.png
./data/images/1744855364.92511488.png,./data/labels/1744855364.92511488.png
./data/images/1744855364.882510592.png,./data/labels/1744855364.882510592.png
./data/images/1744855365.682509824.png,./data/labels/1744855365.682509824.png
./data/images/1744855366.472509184.png,./data/labels/1744855366.472509184.png
./data/images/1744855367.272508416.png,./data/labels/1744855367.272508416.png
./data/images/1744855368.52507648.png,./data/labels/1744855368.52507648.png
./data/images/1744855368.852506880.png,./data/labels/1744855368.852506880.png
./data/images/1744855369.652506112.png,./data/labels/1744855369.652506112.png
./data/images/1744855370.452505344.png,./data/labels/1744855370.452505344.png
./data/images/1744855371.252504576.png,./data/labels/1744855371.252504576.png
./data/images/1744855372.42503936.png,./data/labels/1744855372.42503936.png
./data/images/1744855372.842503168.png,./data/labels/1744855372.842503168.png
./data/images/1744855373.632502272.png,./data/labels/1744855373.632502272.png
./data/images/1744855374.432501504.png,./data/labels/1744855374.432501504.png
./data/images/1744855375.332500736.png,./data/labels/1744855375.332500736.png
./data/images/1744855376.132499968.png,./data/labels/1744855376.132499968.png
./data/images/1744855377.22499072.png,./data/labels/1744855377.22499072.png
./data/images/1744855377.822498304.png,./data/labels/1744855377.822498304.png
./data/images/1744855378.622497536.png,./data/labels/1744855378.622497536.png
./data/images/1744855379.522496768.png,./data/labels/1744855379.522496768.png
./data/images/1744855379.912496384.png,./data/labels/1744855379.912496384.png
./data/images/1744855380.612495616.png,./data/labels/1744855380.612495616.png
./data/images/1744855381.412494848.png,./data/labels/1744855381.412494848.png
./data/images/1744855382.112494336.png,./data/labels/1744855382.112494336.png
./data/images/1744855383.12493312.png,./data/labels/1744855383.12493312.png
./data/images/1744855383.802492672.png,./data/labels/1744855383.802492672.png
./data/images/1744855384.702491648.png,./data/labels/1744855384.702491648.png
./data/images/1744855385.402491136.png,./data/labels/1744855385.402491136.png
./data/images/1744855386.292490240.png,./data/labels/1744855386.292490240.png
./data/images/1744855387.92489472.png,./data/labels/1744855387.92489472.png
./data/images/1744855387.892488704.png,./data/labels/1744855387.892488704.png
./data/images/1744855388.692487936.png,./data/labels/1744855388.692487936.png
./data/images/1744855389.492487168.png,./data/labels/1744855389.492487168.png
./data/images/1744855390.282486528.png,./data/labels/1744855390.282486528.png
./data/images/1744855391.62485760.png,./data/labels/1744855391.62485760.png
./data/images/1744855391.962484736.png,./data/labels/1744855391.962484736.png
./data/images/1744855392.652484096.png,./data/labels/1744855392.652484096.png
./data/images/1744855393.542483456.png,./data/labels/1744855393.542483456.png
./data/images/1744855394.242482688.png,./data/labels/1744855394.242482688.png
./data/images/1744855395.22481920.png,./data/labels/1744855395.22481920.png
./data/images/1744855395.912481024.png,./data/labels/1744855395.912481024.png
./data/images/1744855396.712480256.png,./data/labels/1744855396.712480256.png
./data/images/1744855397.412479744.png,./data/labels/1744855397.412479744.png
./data/images/1744855398.312478720.png,./data/labels/1744855398.312478720.png
./data/images/1744855399.112477952.png,./data/labels/1744855399.112477952.png
./data/images/1744855399.912477184.png,./data/labels/1744855399.912477184.png
./data/images/1744855400.702476544.png,./data/labels/1744855400.702476544.png
./data/images/1744855401.502475776.png,./data/labels/1744855401.502475776.png
./data/images/1744855402.302475008.png,./data/labels/1744855402.302475008.png
./data/images/1744855403.102474240.png,./data/labels/1744855403.102474240.png
./data/images/1744855403.892473344.png,./data/labels/1744855403.892473344.png
./data/images/1744855404.692472576.png,./data/labels/1744855404.692472576.png
./data/images/1744855405.492471808.png,./data/labels/1744855405.492471808.png
./data/images/1744855406.292471296.png,./data/labels/1744855406.292471296.png
./data/images/1744855407.92470528.png,./data/labels/1744855407.92470528.png
./data/images/1744855407.892469760.png,./data/labels/1744855407.892469760.png
./data/images/1744855408.692468992.png,./data/labels/1744855408.692468992.png
./data/images/1744855409.492468224.png,./data/labels/1744855409.492468224.png
./data/images/1744855410.292467456.png,./data/labels/1744855410.292467456.png
./data/images/1744855410.992466688.png,./data/labels/1744855410.992466688.png
./data/images/1744855411.782466048.png,./data/labels/1744855411.782466048.png
./data/images/1744855412.582465280.png,./data/labels/1744855412.582465280.png
./data/images/1744855413.382464512.png,./data/labels/1744855413.382464512.png
./data/images/1744855414.182463744.png,./data/labels/1744855414.182463744.png
./data/images/1744855414.872463104.png,./data/labels/1744855414.872463104.png
./data/images/1744855415.762462208.png,./data/labels/1744855415.762462208.png
./data/images/1744855416.462461440.png,./data/labels/1744855416.462461440.png
./data/images/1744855417.262460672.png,./data/labels/1744855417.262460672.png
./data/images/1744855418.62459904.png,./data/labels/1744855418.62459904.png
./data/images/1744855418.862459136.png,./data/labels/1744855418.862459136.png
./data/images/1744855419.562458624.png,./data/labels/1744855419.562458624.png
./data/images/1744855420.362457856.png,./data/labels/1744855420.362457856.png
./data/images/1744855421.162457088.png,./data/labels/1744855421.162457088.png
./data/images/1744855421.962456320.png,./data/labels/1744855421.962456320.png
./data/images/1744855422.662455552.png,./data/labels/1744855422.662455552.png
./data/images/1744855423.462454784.png,./data/labels/1744855423.462454784.png
./data/images/1744855424.262454016.png,./data/labels/1744855424.262454016.png
./data/images/1744855425.62453248.png,./data/labels/1744855425.62453248.png
./data/images/1744855425.862452480.png,./data/labels/1744855425.862452480.png
./data/images/1744855426.552451840.png,./data/labels/1744855426.552451840.png
./data/images/1744855427.352451072.png,./data/labels/1744855427.352451072.png
./data/images/1744855428.52450304.png,./data/labels/1744855428.52450304.png
./data/images/1744855428.842449664.png,./data/labels/1744855428.842449664.png
./data/images/1744855429.642448896.png,./data/labels/1744855429.642448896.png
./data/images/1744855430.442448128.png,./data/labels/1744855430.442448128.png
./data/images/1744855431.132447488.png,./data/labels/1744855431.132447488.png
./data/images/1744855431.932446720.png,./data/labels/1744855431.932446720.png
./data/images/1744855432.732445952.png,./data/labels/1744855432.732445952.png
./data/images/1744855433.532445184.png,./data/labels/1744855433.532445184.png
./data/images/1744855434.232444416.png,./data/labels/1744855434.232444416.png
./data/images/1744855435.32443648.png,./data/labels/1744855435.32443648.png
./data/images/1744855435.832442880.png,./data/labels/1744855435.832442880.png
./data/images/1744855436.632442112.png,./data/labels/1744855436.632442112.png
./data/images/1744855437.332441600.png,./data/labels/1744855437.332441600.png
./data/images/1744855438.132440832.png,./data/labels/1744855438.132440832.png
./data/images/1744855438.932440064.png,./data/labels/1744855438.932440064.png
./data/images/1744855439.732439296.png,./data/labels/1744855439.732439296.png
./data/images/1744855440.432438528.png,./data/labels/1744855440.432438528.png
./data/images/1744855441.232437760.png,./data/labels/1744855441.232437760.png
./data/images/1744855442.22437120.png,./data/labels/1744855442.22437120.png
./data/images/1744855442.722436352.png,./data/labels/1744855442.722436352.png
./data/images/1744855443.522435584.png,./data/labels/1744855443.522435584.png
./data/images/1744855444.322434816.png,./data/labels/1744855444.322434816.png
./data/images/1744855445.22434304.png,./data/labels/1744855445.22434304.png
./data/images/1744855445.822433536.png,./data/labels/1744855445.822433536.png
./data/images/1744855446.622432768.png,./data/labels/1744855446.622432768.png
./data/images/1744855447.422432000.png,./data/labels/1744855447.422432000.png
./data/images/1744855448.222431232.png,./data/labels/1744855448.222431232.png
./data/images/1744855448.922430464.png,./data/labels/1744855448.922430464.png
./data/images/1744855449.622429952.png,./data/labels/1744855449.622429952.png
./data/images/1744855450.522428928.png,./data/labels/1744855450.522428928.png
./data/images/1744855451.222428416.png,./data/labels/1744855451.222428416.png
./data/images/1744855451.922427648.png,./data/labels/1744855451.922427648.png
./data/images/1744855452.722426880.png,./data/labels/1744855452.722426880.png
./data/images/1744855453.422426112.png,./data/labels/1744855453.422426112.png
./data/images/1744855454.222425344.png,./data/labels/1744855454.222425344.png
./data/images/1744855455.22424576.png,./data/labels/1744855455.22424576.png
./data/images/1744855455.722424064.png,./data/labels/1744855455.722424064.png
./data/images/1744855456.522423296.png,./data/labels/1744855456.522423296.png
./data/images/1744855457.222422528.png,./data/labels/1744855457.222422528.png
./data/images/1744855458.22421760.png,./data/labels/1744855458.22421760.png
./data/images/1744855458.822420992.png,./data/labels/1744855458.822420992.png
./data/images/1744855459.522420480.png,./data/labels/1744855459.522420480.png
./data/images/1744855460.422419456.png,./data/labels/1744855460.422419456.png
./data/images/1744855461.112418816.png,./data/labels/1744855461.112418816.png
./data/images/1744855461.912418048.png,./data/labels/1744855461.912418048.png
./data/images/1744855462.712417280.png,./data/labels/1744855462.712417280.png
./data/images/1744855463.512416512.png,./data/labels/1744855463.512416512.png
./data/images/1744855464.312415744.png,./data/labels/1744855464.312415744.png
./data/images/1744855465.12415232.png,./data/labels/1744855465.12415232.png
./data/images/1744855465.712414464.png,./data/labels/1744855465.712414464.png
./data/images/1744855466.512413696.png,./data/labels/1744855466.512413696.png
./data/images/1744855467.212413184.png,./data/labels/1744855467.212413184.png
./data/images/1744855468.12412416.png,./data/labels/1744855468.12412416.png
./data/images/1744855468.812411648.png,./data/labels/1744855468.812411648.png
./data/images/1744855469.512410880.png,./data/labels/1744855469.512410880.png
./data/images/1744855470.312410112.png,./data/labels/1744855470.312410112.png
./data/images/1744855471.2409472.png,./data/labels/1744855471.2409472.png
./data/images/1744855471.302409216.png,./data/labels/1744855471.302409216.png
./data/images/1744855471.502408960.png,./data/labels/1744855471.502408960.png
./data/images/1744855471.702408704.png,./data/labels/1744855471.702408704.png
./data/images/1744855472.702407936.png,./data/labels/1744855472.702407936.png
./data/images/1744855473.502407168.png,./data/labels/1744855473.502407168.png
./data/images/1744855474.492406016.png,./data/labels/1744855474.492406016.png
./data/images/1744855475.392405248.png,./data/labels/1744855475.392405248.png
./data/images/1744855476.192404480.png,./data/labels/1744855476.192404480.png
./data/images/1744855477.92403712.png,./data/labels/1744855477.92403712.png
./data/images/1744855477.992402688.png,./data/labels/1744855477.992402688.png
./data/images/1744855478.882402048.png,./data/labels/1744855478.882402048.png
./data/images/1744855479.682401280.png,./data/labels/1744855479.682401280.png
./data/images/1744855480.682400256.png,./data/labels/1744855480.682400256.png
./data/images/1744855481.482399488.png,./data/labels/1744855481.482399488.png
./data/images/1744855482.472398592.png,./data/labels/1744855482.472398592.png
./data/images/1744855483.262397696.png,./data/labels/1744855483.262397696.png
./data/images/1744855484.242396928.png,./data/labels/1744855484.242396928.png
./data/images/1744855485.32396032.png,./data/labels/1744855485.32396032.png
./data/images/1744855485.912395264.png,./data/labels/1744855485.912395264.png
./data/images/1744855486.802394368.png,./data/labels/1744855486.802394368.png
./data/images/1744855487.672393472.png,./data/labels/1744855487.672393472.png
./data/images/1744855488.452392704.png,./data/labels/1744855488.452392704.png
./data/images/1744855489.422391808.png,./data/labels/1744855489.422391808.png
./data/images/1744855490.202391040.png,./data/labels/1744855490.202391040.png
./data/images/1744855491.72390400.png,./data/labels/1744855491.72390400.png
./data/images/1744855491.842389504.png,./data/labels/1744855491.842389504.png
./data/images/1744855492.712388864.png,./data/labels/1744855492.712388864.png
./data/images/1744855493.592387840.png,./data/labels/1744855493.592387840.png
./data/images/1744855494.462387200.png,./data/labels/1744855494.462387200.png
./data/images/1744855495.222386432.png,./data/labels/1744855495.222386432.png
./data/images/1744855496.2385664.png,./data/labels/1744855496.2385664.png
./data/images/1744855497.2384640.png,./data/labels/1744855497.2384640.png
./data/images/1744855497.882383872.png,./data/labels/1744855497.882383872.png
./data/images/1744855498.762383104.png,./data/labels/1744855498.762383104.png
./data/images/1744855499.622382080.png,./data/labels/1744855499.622382080.png
./data/images/1744855500.412381440.png,./data/labels/1744855500.412381440.png
./data/images/1744855501.402380544.png,./data/labels/1744855501.402380544.png
./data/images/1744855502.172379648.png,./data/labels/1744855502.172379648.png
./data/images/1744855503.52378880.png,./data/labels/1744855503.52378880.png
./data/images/1744855503.932378112.png,./data/labels/1744855503.932378112.png
./data/images/1744855504.822377216.png,./data/labels/1744855504.822377216.png
./data/images/1744855505.692376320.png,./data/labels/1744855505.692376320.png
./data/images/1744855506.552375552.png,./data/labels/1744855506.552375552.png
./data/images/1744855507.412374784.png,./data/labels/1744855507.412374784.png
./data/images/1744855508.282373888.png,./data/labels/1744855508.282373888.png
./data/images/1744855509.152372992.png,./data/labels/1744855509.152372992.png
./data/images/1744855510.122372096.png,./data/labels/1744855510.122372096.png
./data/images/1744855510.892371456.png,./data/labels/1744855510.892371456.png
./data/images/1744855511.782370560.png,./data/labels/1744855511.782370560.png
./data/images/1744855512.662369792.png,./data/labels/1744855512.662369792.png
./data/images/1744855513.512368896.png,./data/labels/1744855513.512368896.png
./data/images/1744855514.362368000.png,./data/labels/1744855514.362368000.png
./data/images/1744855515.232367360.png,./data/labels/1744855515.232367360.png
./data/images/1744855516.122366464.png,./data/labels/1744855516.122366464.png
./data/images/1744855516.982365696.png,./data/labels/1744855516.982365696.png
./data/images/1744855517.732364800.png,./data/labels/1744855517.732364800.png
./data/images/1744855518.682363904.png,./data/labels/1744855518.682363904.png
./data/images/1744855519.462363136.png,./data/labels/1744855519.462363136.png
./data/images/1744855520.422362368.png,./data/labels/1744855520.422362368.png
./data/images/1744855521.282361600.png,./data/labels/1744855521.282361600.png
./data/images/1744855522.162360576.png,./data/labels/1744855522.162360576.png
./data/images/1744855523.32359936.png,./data/labels/1744855523.32359936.png
./data/images/1744855523.902359040.png,./data/labels/1744855523.902359040.png
./data/images/1744855524.772358144.png,./data/labels/1744855524.772358144.png
./data/images/1744855525.552357376.png,./data/labels/1744855525.552357376.png
./data/images/1744855526.422356480.png,./data/labels/1744855526.422356480.png
./data/images/1744855527.402355712.png,./data/labels/1744855527.402355712.png
./data/images/1744855528.242354944.png,./data/labels/1744855528.242354944.png
./data/images/1744855529.12354048.png,./data/labels/1744855529.12354048.png
./data/images/1744855529.852353280.png,./data/labels/1744855529.852353280.png
./data/images/1744855530.712352512.png,./data/labels/1744855530.712352512.png
./data/images/1744855531.572351744.png,./data/labels/1744855531.572351744.png
./data/images/1744855532.342350848.png,./data/labels/1744855532.342350848.png
./data/images/1744855533.212350208.png,./data/labels/1744855533.212350208.png
./data/images/1744855534.62349312.png,./data/labels/1744855534.62349312.png
./data/images/1744855534.942348544.png,./data/labels/1744855534.942348544.png
./data/images/1744855535.812347648.png,./data/labels/1744855535.812347648.png
./data/images/1744855536.692346880.png,./data/labels/1744855536.692346880.png
./data/images/1744855537.532346112.png,./data/labels/1744855537.532346112.png
./data/images/1744855538.412345088.png,./data/labels/1744855538.412345088.png
./data/images/1744855539.282344448.png,./data/labels/1744855539.282344448.png
./data/images/1744855540.152343552.png,./data/labels/1744855540.152343552.png
./data/images/1744855541.32342784.png,./data/labels/1744855541.32342784.png
./data/images/1744855541.892341760.png,./data/labels/1744855541.892341760.png
./data/images/1744855542.752340992.png,./data/labels/1744855542.752340992.png
./data/images/1744855543.522340352.png,./data/labels/1744855543.522340352.png
./data/images/1744855544.412339456.png,./data/labels/1744855544.412339456.png
./data/images/1744855545.282338560.png,./data/labels/1744855545.282338560.png
./data/images/1744855546.242337792.png,./data/labels/1744855546.242337792.png
./data/images/1744855547.102336768.png,./data/labels/1744855547.102336768.png
./data/images/1744855547.962336000.png,./data/labels/1744855547.962336000.png
./data/images/1744855548.842335232.png,./data/labels/1744855548.842335232.png
./data/images/1744855549.682334464.png,./data/labels/1744855549.682334464.png
./data/images/1744855550.752333312.png,./data/labels/1744855550.752333312.png
./data/images/1744855551.612332544.png,./data/labels/1744855551.612332544.png
./data/images/1744855552.482331648.png,./data/labels/1744855552.482331648.png
./data/images/1744855553.352331008.png,./data/labels/1744855553.352331008.png
./data/images/1744855554.232329984.png,./data/labels/1744855554.232329984.png
./data/images/1744855555.172329216.png,./data/labels/1744855555.172329216.png
./data/images/1744855556.22328320.png,./data/labels/1744855556.22328320.png
./data/images/1744855556.842327552.png,./data/labels/1744855556.842327552.png
./data/images/1744855557.632326912.png,./data/labels/1744855557.632326912.png
./data/images/1744855558.582326016.png,./data/labels/1744855558.582326016.png
./data/images/1744855559.452325120.png,./data/labels/1744855559.452325120.png
./data/images/1744855560.312324352.png,./data/labels/1744855560.312324352.png
./data/images/1744855561.172323584.png,./data/labels/1744855561.172323584.png
./data/images/1744855562.22322688.png,./data/labels/1744855562.22322688.png
./data/images/1744855562.902321920.png,./data/labels/1744855562.902321920.png
./data/images/1744855563.772321024.png,./data/labels/1744855563.772321024.png
./data/images/1744855564.622320128.png,./data/labels/1744855564.622320128.png
./data/images/1744855565.502319360.png,./data/labels/1744855565.502319360.png
./data/images/1744855566.472318464.png,./data/labels/1744855566.472318464.png
./data/images/1744855567.252317696.png,./data/labels/1744855567.252317696.png
./data/images/1744855568.212316672.png,./data/labels/1744855568.212316672.png
./data/images/1744855569.172315904.png,./data/labels/1744855569.172315904.png
./data/images/1744855570.22315008.png,./data/labels/1744855570.22315008.png
./data/images/1744855570.882314240.png,./data/labels/1744855570.882314240.png
./data/images/1744855571.852313344.png,./data/labels/1744855571.852313344.png
./data/images/1744855572.722312448.png,./data/labels/1744855572.722312448.png
./data/images/1744855573.592311552.png,./data/labels/1744855573.592311552.png
./data/images/1744855574.442310912.png,./data/labels/1744855574.442310912.png
./data/images/1744855575.292310016.png,./data/labels/1744855575.292310016.png
./data/images/1744855576.162309120.png,./data/labels/1744855576.162309120.png
./data/images/1744855577.22308352.png,./data/labels/1744855577.22308352.png
./data/images/1744855577.962307328.png,./data/labels/1744855577.962307328.png
./data/images/1744855578.702306816.png,./data/labels/1744855578.702306816.png
./data/images/1744855579.652305920.png,./data/labels/1744855579.652305920.png
./data/images/1744855580.512304896.png,./data/labels/1744855580.512304896.png
./data/images/1744855581.442304256.png,./data/labels/1744855581.442304256.png
./data/images/1744855582.282303232.png,./data/labels/1744855582.282303232.png
./data/images/1744855583.122302464.png,./data/labels/1744855583.122302464.png
./data/images/1744855583.992301824.png,./data/labels/1744855583.992301824.png
./data/images/1744855584.932300800.png,./data/labels/1744855584.932300800.png
./data/images/1744855585.802299904.png,./data/labels/1744855585.802299904.png
./data/images/1744855586.682299136.png,./data/labels/1744855586.682299136.png
./data/images/1744855587.632298240.png,./data/labels/1744855587.632298240.png
./data/images/1744855588.512297472.png,./data/labels/1744855588.512297472.png
./data/images/1744855589.362296576.png,./data/labels/1744855589.362296576.png
./data/images/1744855590.222295808.png,./data/labels/1744855590.222295808.png
./data/images/1744855591.52294912.png,./data/labels/1744855591.52294912.png
./data/images/1744855591.912294144.png,./data/labels/1744855591.912294144.png
./data/images/1744855592.882293248.png,./data/labels/1744855592.882293248.png
./data/images/1744855593.732292352.png,./data/labels/1744855593.732292352.png
./data/images/1744855594.582291712.png,./data/labels/1744855594.582291712.png
./data/images/1744855595.432290816.png,./data/labels/1744855595.432290816.png
./data/images/1744855596.282289920.png,./data/labels/1744855596.282289920.png
./data/images/1744855597.122289152.png,./data/labels/1744855597.122289152.png
./data/images/1744855598.102288128.png,./data/labels/1744855598.102288128.png
./data/images/1744855598.872287488.png,./data/labels/1744855598.872287488.png
./data/images/1744855599.852286464.png,./data/labels/1744855599.852286464.png
./data/images/1744855600.622285824.png,./data/labels/1744855600.622285824.png
./data/images/1744855601.482285056.png,./data/labels/1744855601.482285056.png
./data/images/1744855602.362284288.png,./data/labels/1744855602.362284288.png
./data/images/1744855603.222283264.png,./data/labels/1744855603.222283264.png
./data/images/1744855604.82282496.png,./data/labels/1744855604.82282496.png
./data/images/1744855605.22281728.png,./data/labels/1744855605.22281728.png
./data/images/1744855605.892280832.png,./data/labels/1744855605.892280832.png
./data/images/1744855606.762279936.png,./data/labels/1744855606.762279936.png
./data/images/1744855607.612279296.png,./data/labels/1744855607.612279296.png
./data/images/1744855608.462278400.png,./data/labels/1744855608.462278400.png
./data/images/1744855609.232277504.png,./data/labels/1744855609.232277504.png
./data/images/1744855610.212276736.png,./data/labels/1744855610.212276736.png
./data/images/1744855611.92275968.png,./data/labels/1744855611.92275968.png
./data/images/1744855611.952274944.png,./data/labels/1744855611.952274944.png
./data/images/1744855612.822274304.png,./data/labels/1744855612.822274304.png
./data/images/1744855613.592273408.png,./data/labels/1744855613.592273408.png
./data/images/1744855614.572272640.png,./data/labels/1744855614.572272640.png
./data/images/1744855615.342271744.png,./data/labels/1744855615.342271744.png
./data/images/1744855616.302270976.png,./data/labels/1744855616.302270976.png
./data/images/1744855617.152270080.png,./data/labels/1744855617.152270080.png
./data/images/1744855618.32269312.png,./data/labels/1744855618.32269312.png
./data/images/1744855618.932268288.png,./data/labels/1744855618.932268288.png
./data/images/1744855619.672267776.png,./data/labels/1744855619.672267776.png
./data/images/1744855620.662266624.png,./data/labels/1744855620.662266624.png
./data/images/1744855621.422266112.png,./data/labels/1744855621.422266112.png
./data/images/1744855622.302265088.png,./data/labels/1744855622.302265088.png
./data/images/1744855623.162264320.png,./data/labels/1744855623.162264320.png
./data/images/1744855624.42263552.png,./data/labels/1744855624.42263552.png
./data/images/1744855624.932262656.png,./data/labels/1744855624.932262656.png
./data/images/1744855625.812261888.png,./data/labels/1744855625.812261888.png
./data/images/1744855626.782260992.png,./data/labels/1744855626.782260992.png
./data/images/1744855627.662259968.png,./data/labels/1744855627.662259968.png
./data/images/1744855628.512259328.png,./data/labels/1744855628.512259328.png
./data/images/1744855629.392258304.png,./data/labels/1744855629.392258304.png
./data/images/1744855630.362257408.png,./data/labels/1744855630.362257408.png
./data/images/1744855631.232256768.png,./data/labels/1744855631.232256768.png
./data/images/1744855632.112255744.png,./data/labels/1744855632.112255744.png
./data/images/1744855632.972254976.png,./data/labels/1744855632.972254976.png
./data/images/1744855633.942254080.png,./data/labels/1744855633.942254080.png
./data/images/1744855634.892253184.png,./data/labels/1744855634.892253184.png
./data/images/1744855635.652252416.png,./data/labels/1744855635.652252416.png
./data/images/1744855636.602251520.png,./data/labels/1744855636.602251520.png
./data/images/1744855637.532250624.png,./data/labels/1744855637.532250624.png
./data/images/1744855638.392249856.png,./data/labels/1744855638.392249856.png
./data/images/1744855639.442248704.png,./data/labels/1744855639.442248704.png
./data/images/1744855640.292248064.png,./data/labels/1744855640.292248064.png
./data/images/1744855641.232247040.png,./data/labels/1744855641.232247040.png
./data/images/1744855642.62246400.png,./data/labels/1744855642.62246400.png
./data/images/1744855642.982245376.png,./data/labels/1744855642.982245376.png
./data/images/1744855643.812244736.png,./data/labels/1744855643.812244736.png
./data/images/1744855644.742243840.png,./data/labels/1744855644.742243840.png
./data/images/1744855645.672242944.png,./data/labels/1744855645.672242944.png
./data/images/1744855646.512242176.png,./data/labels/1744855646.512242176.png
./data/images/1744855647.422241280.png,./data/labels/1744855647.422241280.png
./data/images/1744855648.162240512.png,./data/labels/1744855648.162240512.png
./data/images/1744855649.72239616.png,./data/labels/1744855649.72239616.png
./data/images/1744855649.962238720.png,./data/labels/1744855649.962238720.png
./data/images/1744855650.802237952.png,./data/labels/1744855650.802237952.png
./data/images/1744855651.602237184.png,./data/labels/1744855651.602237184.png
./data/images/1744855652.552236288.png,./data/labels/1744855652.552236288.png
./data/images/1744855653.382235648.png,./data/labels/1744855653.382235648.png
./data/images/1744855654.292234752.png,./data/labels/1744855654.292234752.png
./data/images/1744855655.142233856.png,./data/labels/1744855655.142233856.png
./data/images/1744855656.62233088.png,./data/labels/1744855656.62233088.png
./data/images/1744855656.982232064.png,./data/labels/1744855656.982232064.png
./data/images/1744855657.822231296.png,./data/labels/1744855657.822231296.png
./data/images/1744855658.762230272.png,./data/labels/1744855658.762230272.png
./data/images/1744855659.692229632.png,./data/labels/1744855659.692229632.png
./data/images/1744855660.652228608.png,./data/labels/1744855660.652228608.png
./data/images/1744855661.482227712.png,./data/labels/1744855661.482227712.png
./data/images/1744855662.382226944.png,./data/labels/1744855662.382226944.png
./data/images/1744855663.232226048.png,./data/labels/1744855663.232226048.png
./data/images/1744855664.162225152.png,./data/labels/1744855664.162225152.png
./data/images/1744855664.992224512.png,./data/labels/1744855664.992224512.png
./data/images/1744855665.912223488.png,./data/labels/1744855665.912223488.png
./data/images/1744855666.832222720.png,./data/labels/1744855666.832222720.png
./data/images/1744855667.652221952.png,./data/labels/1744855667.652221952.png
./data/images/1744855668.562221056.png,./data/labels/1744855668.562221056.png
./data/images/1744855669.552220160.png,./data/labels/1744855669.552220160.png
./data/images/1744855670.392219392.png,./data/labels/1744855670.392219392.png
./data/images/1744855671.302218496.png,./data/labels/1744855671.302218496.png
./data/images/1744855672.212217600.png,./data/labels/1744855672.212217600.png
./data/images/1744855673.142216704.png,./data/labels/1744855673.142216704.png
./data/images/1744855674.82215680.png,./data/labels/1744855674.82215680.png
./data/images/1744855674.992215040.png,./data/labels/1744855674.992215040.png
./data/images/1744855675.882214144.png,./data/labels/1744855675.882214144.png
./data/images/1744855676.712213248.png,./data/labels/1744855676.712213248.png
./data/images/1744855677.612212480.png,./data/labels/1744855677.612212480.png
./data/images/1744855678.592211456.png,./data/labels/1744855678.592211456.png
./data/images/1744855679.402210816.png,./data/labels/1744855679.402210816.png
./data/images/1744855680.322209792.png,./data/labels/1744855680.322209792.png
./data/images/1744855681.212208896.png,./data/labels/1744855681.212208896.png
./data/images/1744855682.82208256.png,./data/labels/1744855682.82208256.png
./data/images/1744855682.962207232.png,./data/labels/1744855682.962207232.png
./data/images/1744855683.892206336.png,./data/labels/1744855683.892206336.png
./data/images/1744855684.812205568.png,./data/labels/1744855684.812205568.png
./data/images/1744855685.612204800.png,./data/labels/1744855685.612204800.png
./data/images/1744855686.502203904.png,./data/labels/1744855686.502203904.png
./data/images/1744855687.312203264.png,./data/labels/1744855687.312203264.png
./data/images/1744855688.212202240.png,./data/labels/1744855688.212202240.png
./data/images/1744855689.82201600.png,./data/labels/1744855689.82201600.png
./data/images/1744855689.962200576.png,./data/labels/1744855689.962200576.png
./data/images/1744855690.792199936.png,./data/labels/1744855690.792199936.png
./data/images/1744855691.582199040.png,./data/labels/1744855691.582199040.png
./data/images/1744855692.552198144.png,./data/labels/1744855692.552198144.png
./data/images/1744855693.372197376.png,./data/labels/1744855693.372197376.png
./data/images/1744855694.262196480.png,./data/labels/1744855694.262196480.png
./data/images/1744855695.92195840.png,./data/labels/1744855695.92195840.png
./data/images/1744855696.12194816.png,./data/labels/1744855696.12194816.png
./data/images/1744855696.932194048.png,./data/labels/1744855696.932194048.png
./data/images/1744855697.732193280.png,./data/labels/1744855697.732193280.png
./data/images/1744855698.662192384.png,./data/labels/1744855698.662192384.png
./data/images/1744855699.552191488.png,./data/labels/1744855699.552191488.png
./data/images/1744855700.382190592.png,./data/labels/1744855700.382190592.png
./data/images/1744855701.202189824.png,./data/labels/1744855701.202189824.png
./data/images/1744855702.92189184.png,./data/labels/1744855702.92189184.png
./data/images/1744855703.12188160.png,./data/labels/1744855703.12188160.png
./data/images/1744855703.822187520.png,./data/labels/1744855703.822187520.png
./data/images/1744855704.742186496.png,./data/labels/1744855704.742186496.png
./data/images/1744855705.652185600.png,./data/labels/1744855705.652185600.png
./data/images/1744855706.452184832.png,./data/labels/1744855706.452184832.png
./data/images/1744855707.372184064.png,./data/labels/1744855707.372184064.png
./data/images/1744855708.272183296.png,./data/labels/1744855708.272183296.png
./data/images/1744855709.92182272.png,./data/labels/1744855709.92182272.png
./data/images/1744855710.32181504.png,./data/labels/1744855710.32181504.png
./data/images/1744855710.952180736.png,./data/labels/1744855710.952180736.png
./data/images/1744855711.762179840.png,./data/labels/1744855711.762179840.png
./data/images/1744855712.702179072.png,./data/labels/1744855712.702179072.png
./data/images/1744855713.622178048.png,./data/labels/1744855713.622178048.png
./data/images/1744855714.522177280.png,./data/labels/1744855714.522177280.png
./data/images/1744855715.332176384.png,./data/labels/1744855715.332176384.png
./data/images/1744855716.132175616.png,./data/labels/1744855716.132175616.png
./data/images/1744855717.12174848.png,./data/labels/1744855717.12174848.png
./data/images/1744855717.752174080.png,./data/labels/1744855717.752174080.png
./data/images/1744855718.672173312.png,./data/labels/1744855718.672173312.png
./data/images/1744855719.492172544.png,./data/labels/1744855719.492172544.png
./data/images/1744855720.292171776.png,./data/labels/1744855720.292171776.png
./data/images/1744855721.112171008.png,./data/labels/1744855721.112171008.png
./data/images/1744855721.922170112.png,./data/labels/1744855721.922170112.png
./data/images/1744855722.832169216.png,./data/labels/1744855722.832169216.png
./data/images/1744855723.662168576.png,./data/labels/1744855723.662168576.png
./data/images/1744855724.492167680.png,./data/labels/1744855724.492167680.png
./data/images/1744855725.432166912.png,./data/labels/1744855725.432166912.png
./data/images/1744855726.262166016.png,./data/labels/1744855726.262166016.png
./data/images/1744855727.122165248.png,./data/labels/1744855727.122165248.png
./data/images/1744855728.72164352.png,./data/labels/1744855728.72164352.png
./data/images/1744855728.932163584.png,./data/labels/1744855728.932163584.png
./data/images/1744855729.782162688.png,./data/labels/1744855729.782162688.png
./data/images/1744855730.732161792.png,./data/labels/1744855730.732161792.png
./data/images/1744855731.712160768.png,./data/labels/1744855731.712160768.png
./data/images/1744855732.552160000.png,./data/labels/1744855732.552160000.png
./data/images/1744855733.512159232.png,./data/labels/1744855733.512159232.png
./data/images/1744855734.332158208.png,./data/labels/1744855734.332158208.png
./data/images/1744855735.252157440.png,./data/labels/1744855735.252157440.png
./data/images/1744855736.82156544.png,./data/labels/1744855736.82156544.png
./data/images/1744855736.932155904.png,./data/labels/1744855736.932155904.png
./data/images/1744855737.772155136.png,./data/labels/1744855737.772155136.png
./data/images/1744855738.712154112.png,./data/labels/1744855738.712154112.png
./data/images/1744855739.612153344.png,./data/labels/1744855739.612153344.png
./data/images/1744855740.452152576.png,./data/labels/1744855740.452152576.png
./data/images/1744855741.252151808.png,./data/labels/1744855741.252151808.png
./data/images/1744855742.182150912.png,./data/labels/1744855742.182150912.png
./data/images/1744855743.2150144.png,./data/labels/1744855743.2150144.png
./data/images/1744855743.922149120.png,./data/labels/1744855743.922149120.png
./data/images/1744855744.752148480.png,./data/labels/1744855744.752148480.png
./data/images/1744855745.682147584.png,./data/labels/1744855745.682147584.png
./data/images/1744855746.622146560.png,./data/labels/1744855746.622146560.png
./data/images/1744855747.472145920.png,./data/labels/1744855747.472145920.png
./data/images/1744855748.362145024.png,./data/labels/1744855748.362145024.png
./data/images/1744855749.212144128.png,./data/labels/1744855749.212144128.png
./data/images/1744855750.152143360.png,./data/labels/1744855750.152143360.png
./data/images/1744855750.912142592.png,./data/labels/1744855750.912142592.png
./data/images/1744855751.762141696.png,./data/labels/1744855751.762141696.png
./data/images/1744855752.692140800.png,./data/labels/1744855752.692140800.png
./data/images/1744855753.502140160.png,./data/labels/1744855753.502140160.png
./data/images/1744855754.332139264.png,./data/labels/1744855754.332139264.png
./data/images/1744855755.152138496.png,./data/labels/1744855755.152138496.png
./data/images/1744855755.982137600.png,./data/labels/1744855755.982137600.png
./data/images/1744855756.822136832.png,./data/labels/1744855756.822136832.png
./data/images/1744855757.572136192.png,./data/labels/1744855757.572136192.png
./data/images/1744855758.532135168.png,./data/labels/1744855758.532135168.png
./data/images/1744855759.262134528.png,./data/labels/1744855759.262134528.png
./data/images/1744855760.222133760.png,./data/labels/1744855760.222133760.png
./data/images/1744855760.992132864.png,./data/labels/1744855760.992132864.png
./data/images/1744855761.852132096.png,./data/labels/1744855761.852132096.png
./data/images/1744855762.732131328.png,./data/labels/1744855762.732131328.png
./data/images/1744855763.492130560.png,./data/labels/1744855763.492130560.png
./data/images/1744855764.342129664.png,./data/labels/1744855764.342129664.png
./data/images/1744855765.112129024.png,./data/labels/1744855765.112129024.png
./data/images/1744855765.872128256.png,./data/labels/1744855765.872128256.png
./data/images/1744855766.622127616.png,./data/labels/1744855766.622127616.png
./data/images/1744855767.382126848.png,./data/labels/1744855767.382126848.png
./data/images/1744855768.162126080.png,./data/labels/1744855768.162126080.png
./data/images/1744855768.932125440.png,./data/labels/1744855768.932125440.png
./data/images/1744855769.702124544.png,./data/labels/1744855769.702124544.png
./data/images/1744855770.492123904.png,./data/labels/1744855770.492123904.png
./data/images/1744855771.262123008.png,./data/labels/1744855771.262123008.png
./data/images/1744855772.52122368.png,./data/labels/1744855772.52122368.png
./data/images/1744855772.812121600.png,./data/labels/1744855772.812121600.png
./data/images/1744855773.602120960.png,./data/labels/1744855773.602120960.png
./data/images/1744855774.372120064.png,./data/labels/1744855774.372120064.png
./data/images/1744855775.142119424.png,./data/labels/1744855775.142119424.png
./data/images/1744855775.932118528.png,./data/labels/1744855775.932118528.png
./data/images/1744855776.732118016.png,./data/labels/1744855776.732118016.png
./data/images/1744855777.532117248.png,./data/labels/1744855777.532117248.png
./data/images/1744855778.332116480.png,./data/labels/1744855778.332116480.png
./data/images/1744855779.132115712.png,./data/labels/1744855779.132115712.png
./data/images/1744855779.932114944.png,./data/labels/1744855779.932114944.png
./data/images/1744855780.732114176.png,./data/labels/1744855780.732114176.png
./data/images/1744855781.432113408.png,./data/labels/1744855781.432113408.png
./data/images/1744855782.332112640.png,./data/labels/1744855782.332112640.png
./data/images/1744855783.122111744.png,./data/labels/1744855783.122111744.png
./data/images/1744855783.922110976.png,./data/labels/1744855783.922110976.png
./data/images/1744855784.712110336.png,./data/labels/1744855784.712110336.png
./data/images/1744855785.512109568.png,./data/labels/1744855785.512109568.png
./data/images/1744855786.312108800.png,./data/labels/1744855786.312108800.png
./data/images/1744855787.112108032.png,./data/labels/1744855787.112108032.png
./data/images/1744855787.902107136.png,./data/labels/1744855787.902107136.png
./data/images/1744855788.602106624.png,./data/labels/1744855788.602106624.png
./data/images/1744855789.402105856.png,./data/labels/1744855789.402105856.png
./data/images/1744855790.202105088.png,./data/labels/1744855790.202105088.png
./data/images/1744855790.902104320.png,./data/labels/1744855790.902104320.png
./data/images/1744855791.702103552.png,./data/labels/1744855791.702103552.png
./data/images/1744855792.492102912.png,./data/labels/1744855792.492102912.png
./data/images/1744855793.192102144.png,./data/labels/1744855793.192102144.png
./data/images/1744855793.982101504.png,./data/labels/1744855793.982101504.png
./data/images/1744855794.782100736.png,./data/labels/1744855794.782100736.png
./data/images/1744855795.482099968.png,./data/labels/1744855795.482099968.png
./data/images/1744855796.272099328.png,./data/labels/1744855796.272099328.png
./data/images/1744855797.72098560.png,./data/labels/1744855797.72098560.png
./data/images/1744855797.872097792.png,./data/labels/1744855797.872097792.png
./data/images/1744855798.562097152.png,./data/labels/1744855798.562097152.png
./data/images/1744855799.362096384.png,./data/labels/1744855799.362096384.png
./data/images/1744855800.52095744.png,./data/labels/1744855800.52095744.png
./data/images/1744855800.852094976.png,./data/labels/1744855800.852094976.png
./data/images/1744855801.652094208.png,./data/labels/1744855801.652094208.png
./data/images/1744855802.352093440.png,./data/labels/1744855802.352093440.png
./data/images/1744855803.152092672.png,./data/labels/1744855803.152092672.png
./data/images/1744855803.952091904.png,./data/labels/1744855803.952091904.png
./data/images/1744855804.652091392.png,./data/labels/1744855804.652091392.png
./data/images/1744855805.452090624.png,./data/labels/1744855805.452090624.png
./data/images/1744855806.152089856.png,./data/labels/1744855806.152089856.png
./data/images/1744855806.852089088.png,./data/labels/1744855806.852089088.png
./data/images/1744855807.742088192.png,./data/labels/1744855807.742088192.png
./data/images/1744855808.442087680.png,./data/labels/1744855808.442087680.png
./data/images/1744855809.142086912.png,./data/labels/1744855809.142086912.png
./data/images/1744855809.942086144.png,./data/labels/1744855809.942086144.png
./data/images/1744855810.742085376.png,./data/labels/1744855810.742085376.png
./data/images/1744855811.542084608.png,./data/labels/1744855811.542084608.png
./data/images/1744855812.242084096.png,./data/labels/1744855812.242084096.png
./data/images/1744855813.42083328.png,./data/labels/1744855813.42083328.png
./data/images/1744855813.842082560.png,./data/labels/1744855813.842082560.png
./data/images/1744855813.942082304.png,./data/labels/1744855813.942082304.png
./data/images/1744855814.42082304.png,./data/labels/1744855814.42082304.png
./data/images/1744855814.142082304.png,./data/labels/1744855814.142082304.png
./data/images/1744855814.242082048.png,./data/labels/1744855814.242082048.png
./data/images/1744855814.342082048.png,./data/labels/1744855814.342082048.png
./data/images/1744855814.442082048.png,./data/labels/1744855814.442082048.png
./data/images/1744855814.542081792.png,./data/labels/1744855814.542081792.png
./data/images/1744855814.642081792.png,./data/labels/1744855814.642081792.png
./data/images/1744855814.742081536.png,./data/labels/1744855814.742081536.png
./data/images/1744855814.842081536.png,./data/labels/1744855814.842081536.png
./data/images/1744855814.942081536.png,./data/labels/1744855814.942081536.png
./data/images/1744855815.42081280.png,./data/labels/1744855815.42081280.png
./data/images/1744855815.142081280.png,./data/labels/1744855815.142081280.png
./data/images/1744855815.242081280.png,./data/labels/1744855815.242081280.png
./data/images/1744855815.342081024.png,./data/labels/1744855815.342081024.png
./data/images/1744855815.442081024.png,./data/labels/1744855815.442081024.png
./data/images/1744855815.542080768.png,./data/labels/1744855815.542080768.png
./data/images/1744855815.642080768.png,./data/labels/1744855815.642080768.png
./data/images/1744855815.742080768.png,./data/labels/1744855815.742080768.png
./data/images/1744855815.842080512.png,./data/labels/1744855815.842080512.png
./data/images/1744855815.942080512.png,./data/labels/1744855815.942080512.png
./data/images/1744855816.42080512.png,./data/labels/1744855816.42080512.png
./data/images/1744855816.142080256.png,./data/labels/1744855816.142080256.png
./data/images/1744855816.242080256.png,./data/labels/1744855816.242080256.png
./data/images/1744855816.342080000.png,./data/labels/1744855816.342080000.png
./data/images/1744855816.442080000.png,./data/labels/1744855816.442080000.png
./data/images/1744855816.542080000.png,./data/labels/1744855816.542080000.png
./data/images/1744855816.642079744.png,./data/labels/1744855816.642079744.png
./data/images/1744855816.742079744.png,./data/labels/1744855816.742079744.png
./data/images/1744855816.842079744.png,./data/labels/1744855816.842079744.png
./data/images/1744855816.942079488.png,./data/labels/1744855816.942079488.png
./data/images/1744855817.42079488.png,./data/labels/1744855817.42079488.png
./data/images/1744855817.142079232.png,./data/labels/1744855817.142079232.png
./data/images/1744855817.242079232.png,./data/labels/1744855817.242079232.png
./data/images/1744855817.342079232.png,./data/labels/1744855817.342079232.png
./data/images/1744855817.442078976.png,./data/labels/1744855817.442078976.png
./data/images/1744855817.542078976.png,./data/labels/1744855817.542078976.png
./data/images/1744855817.642078976.png,./data/labels/1744855817.642078976.png
./data/images/1744855817.742078720.png,./data/labels/1744855817.742078720.png
./data/images/1744855817.842078720.png,./data/labels/1744855817.842078720.png
./data/images/1744855817.942078464.png,./data/labels/1744855817.942078464.png
./data/images/1744855818.42078464.png,./data/labels/1744855818.42078464.png
./data/images/1744855818.142078464.png,./data/labels/1744855818.142078464.png
./data/images/1744855818.242078208.png,./data/labels/1744855818.242078208.png
./data/images/1744855818.342078208.png,./data/labels/1744855818.342078208.png
./data/images/1744855818.442078208.png,./data/labels/1744855818.442078208.png
./data/images/1744855818.542077952.png,./data/labels/1744855818.542077952.png
./data/images/1744855818.642077952.png,./data/labels/1744855818.642077952.png
./data/images/1744855818.742077952.png,./data/labels/1744855818.742077952.png
./data/images/1744855818.842077696.png,./data/labels/1744855818.842077696.png
./data/images/1744855818.942077696.png,./data/labels/1744855818.942077696.png
./data/images/1744855819.42077440.png,./data/labels/1744855819.42077440.png
./data/images/1744855819.142077440.png,./data/labels/1744855819.142077440.png
./data/images/1744855819.242077440.png,./data/labels/1744855819.242077440.png
./data/images/1744855819.342077184.png,./data/labels/1744855819.342077184.png
./data/images/1744855819.442077184.png,./data/labels/1744855819.442077184.png
./data/images/1744855819.542077184.png,./data/labels/1744855819.542077184.png
./data/images/1744855819.642076928.png,./data/labels/1744855819.642076928.png
./data/images/1744855819.742076928.png,./data/labels/1744855819.742076928.png
./data/images/1744855819.842076672.png,./data/labels/1744855819.842076672.png
./data/images/1744855819.942076672.png,./data/labels/1744855819.942076672.png
./data/images/1744855820.42076672.png,./data/labels/1744855820.42076672.png
./data/images/1744855820.142076416.png,./data/labels/1744855820.142076416.png
./data/images/1744855820.242076416.png,./data/labels/1744855820.242076416.png
./data/images/1744855820.342076416.png,./data/labels/1744855820.342076416.png
./data/images/1744855820.442076160.png,./data/labels/1744855820.442076160.png
./data/images/1744855820.542076160.png,./data/labels/1744855820.542076160.png
./data/images/1744855820.642075904.png,./data/labels/1744855820.642075904.png
./data/images/1744855820.742075904.png,./data/labels/1744855820.742075904.png
./data/images/1744855820.842075904.png,./data/labels/1744855820.842075904.png
./data/images/1744855820.942075648.png,./data/labels/1744855820.942075648.png
./data/images/1744855821.42075648.png,./data/labels/1744855821.42075648.png
./data/images/1744855821.142075648.png,./data/labels/1744855821.142075648.png
./data/images/1744855821.242075392.png,./data/labels/1744855821.242075392.png
./data/images/1744855821.342075392.png,./data/labels/1744855821.342075392.png
./data/images/1744855821.442075136.png,./data/labels/1744855821.442075136.png
./data/images/1744855821.542075136.png,./data/labels/1744855821.542075136.png
./data/images/1744855821.642075136.png,./data/labels/1744855821.642075136.png
./data/images/1744855821.742074880.png,./data/labels/1744855821.742074880.png
./data/images/1744855821.842074880.png,./data/labels/1744855821.842074880.png
./data/images/1744855821.942074880.png,./data/labels/1744855821.942074880.png
./data/images/1744855822.42074624.png,./data/labels/1744855822.42074624.png
./data/images/1744855822.142074624.png,./data/labels/1744855822.142074624.png
./data/images/1744855822.242074368.png,./data/labels/1744855822.242074368.png
./data/images/1744855822.342074368.png,./data/labels/1744855822.342074368.png
./data/images/1744855822.432074240.png,./data/labels/1744855822.432074240.png
./data/images/1744855822.532074240.png,./data/labels/1744855822.532074240.png
./data/images/1744855822.632074240.png,./data/labels/1744855822.632074240.png
./data/images/1744855822.732073984.png,./data/labels/1744855822.732073984.png
./data/images/1744855822.832073984.png,./data/labels/1744855822.832073984.png
./data/images/1744855822.932073728.png,./data/labels/1744855822.932073728.png
./data/images/1744855823.32073728.png,./data/labels/1744855823.32073728.png
./data/images/1744855823.132073728.png,./data/labels/1744855823.132073728.png
./data/images/1744855823.232073472.png,./data/labels/1744855823.232073472.png
./data/images/1744855823.432073472.png,./data/labels/1744855823.432073472.png
./data/images/1744855823.532073216.png,./data/labels/1744855823.532073216.png
./data/images/1744855823.632073216.png,./data/labels/1744855823.632073216.png
